run_id,case_id,game,model,initial_board,stopped_reason,winner,valid_turns,total_turns
20260321_000023,case_0,tictactoe,llama-3.1-8b-instant,"Rows/Cols are 0-indexed.
Board:
0: X | . | .
1: . | . | .
2: . | . | .
    0   1   2
Current player: O",terminal_state_reached,X,8,8
20260321_000023,case_1,tictactoe,llama-3.1-8b-instant,"Rows/Cols are 0-indexed.
Board:
0: . | X | .
1: X | O | .
2: . | . | O
    0   1   2
Current player: X",terminal_state_reached,X,3,3
20260321_000023,case_2,tictactoe,llama-3.1-8b-instant,"Rows/Cols are 0-indexed.
Board:
0: . | . | .
1: . | . | .
2: . | . | X
    0   1   2
Current player: O",terminal_state_reached,O,7,7
20260321_000023,case_3,tictactoe,llama-3.1-8b-instant,"Rows/Cols are 0-indexed.
Board:
0: . | . | .
1: . | . | .
2: X | . | .
    0   1   2
Current player: O",terminal_state_reached,X,4,4
20260321_000023,case_4,tictactoe,llama-3.1-8b-instant,"Rows/Cols are 0-indexed.
Board:
0: . | . | .
1: . | . | .
2: . | . | .
    0   1   2
Current player: X",terminal_state_reached,X,7,7
20260321_000023,case_5,tictactoe,llama-3.1-8b-instant,"Rows/Cols are 0-indexed.
Board:
0: . | . | .
1: . | . | .
2: . | . | .
    0   1   2
Current player: X",terminal_state_reached,X,7,7
20260321_000023,case_6,tictactoe,llama-3.1-8b-instant,"Rows/Cols are 0-indexed.
Board:
0: . | . | .
1: X | . | .
2: . | . | .
    0   1   2
Current player: O",terminal_state_reached,X,6,6
20260321_000023,case_7,tictactoe,llama-3.1-8b-instant,"Rows/Cols are 0-indexed.
Board:
0: O | . | .
1: . | . | X
2: . | . | X
    0   1   2
Current player: O",terminal_state_reached,X,2,2
20260321_000023,case_8,tictactoe,llama-3.1-8b-instant,"Rows/Cols are 0-indexed.
Board:
0: . | X | .
1: . | . | .
2: O | . | X
    0   1   2
Current player: O",terminal_state_reached,X,6,6
20260321_000023,case_9,tictactoe,llama-3.1-8b-instant,"Rows/Cols are 0-indexed.
Board:
0: O | . | O
1: X | X | O
2: X | . | X
    0   1   2
Current player: O",terminal_state_reached,draw,2,2
20260321_000023,case_10,tictactoe,llama-3.1-8b-instant,"Rows/Cols are 0-indexed.
Board:
0: . | . | .
1: X | . | .
2: O | . | .
    0   1   2
Current player: X",terminal_state_reached,draw,7,7
20260321_000023,case_11,tictactoe,llama-3.1-8b-instant,"Rows/Cols are 0-indexed.
Board:
0: . | X | .
1: . | . | .
2: . | . | .
    0   1   2
Current player: O",terminal_state_reached,draw,8,8
20260321_000023,case_12,tictactoe,llama-3.1-8b-instant,"Rows/Cols are 0-indexed.
Board:
0: . | X | .
1: O | O | .
2: O | X | X
    0   1   2
Current player: X",terminal_state_reached,O,2,2
20260321_000023,case_13,tictactoe,llama-3.1-8b-instant,"Rows/Cols are 0-indexed.
Board:
0: . | . | .
1: . | . | .
2: . | . | .
    0   1   2
Current player: X",terminal_state_reached,X,7,7
20260321_000023,case_14,tictactoe,llama-3.1-8b-instant,"Rows/Cols are 0-indexed.
Board:
0: O | O | .
1: . | X | O
2: X | X | X
    0   1   2
Current player: O",terminal_state_reached,X,0,0
20260321_000023,case_15,tictactoe,llama-3.1-8b-instant,"Rows/Cols are 0-indexed.
Board:
0: O | X | O
1: O | O | X
2: X | X | X
    0   1   2
Current player: O",terminal_state_reached,X,0,0
20260321_000023,case_16,tictactoe,llama-3.1-8b-instant,"Rows/Cols are 0-indexed.
Board:
0: . | . | .
1: . | . | .
2: X | . | .
    0   1   2
Current player: O",terminal_state_reached,X,4,4
20260321_000023,case_17,tictactoe,llama-3.1-8b-instant,"Rows/Cols are 0-indexed.
Board:
0: . | X | .
1: O | . | O
2: . | X | .
    0   1   2
Current player: X",terminal_state_reached,O,4,4
20260321_000023,case_18,tictactoe,llama-3.1-8b-instant,"Rows/Cols are 0-indexed.
Board:
0: X | . | .
1: X | . | O
2: . | X | O
    0   1   2
Current player: O",terminal_state_reached,draw,4,4
20260321_000023,case_19,tictactoe,llama-3.1-8b-instant,"Rows/Cols are 0-indexed.
Board:
0: O | X | X
1: X | O | O
2: O | X | X
    0   1   2
Current player: O",terminal_state_reached,draw,0,0
20260321_000023,case_20,tictactoe,llama-3.1-8b-instant,"Rows/Cols are 0-indexed.
Board:
0: . | . | .
1: . | . | .
2: . | . | .
    0   1   2
Current player: X",terminal_state_reached,X,7,7
20260321_000023,case_21,tictactoe,llama-3.1-8b-instant,"Rows/Cols are 0-indexed.
Board:
0: X | . | .
1: . | X | .
2: O | . | .
    0   1   2
Current player: O",terminal_state_reached,O,5,5
20260321_000023,case_22,tictactoe,llama-3.1-8b-instant,"Rows/Cols are 0-indexed.
Board:
0: . | X | .
1: . | O | .
2: X | . | O
    0   1   2
Current player: X",invalid_move,,2,3
20260321_000023,case_23,tictactoe,llama-3.1-8b-instant,"Rows/Cols are 0-indexed.
Board:
0: . | . | .
1: X | X | X
2: . | O | O
    0   1   2
Current player: O",terminal_state_reached,X,0,0
20260321_000023,case_24,tictactoe,llama-3.1-8b-instant,"Rows/Cols are 0-indexed.
Board:
0: . | . | O
1: . | X | .
2: . | . | .
    0   1   2
Current player: X",terminal_state_reached,X,7,7
20260321_000023,case_25,tictactoe,llama-3.1-8b-instant,"Rows/Cols are 0-indexed.
Board:
0: . | . | .
1: . | O | .
2: X | . | X
    0   1   2
Current player: O",terminal_state_reached,O,3,3
20260321_000023,case_26,tictactoe,llama-3.1-8b-instant,"Rows/Cols are 0-indexed.
Board:
0: X | O | X
1: X | . | .
2: X | O | O
    0   1   2
Current player: O",terminal_state_reached,X,0,0
20260321_000023,case_27,tictactoe,llama-3.1-8b-instant,"Rows/Cols are 0-indexed.
Board:
0: . | . | .
1: . | . | .
2: . | . | .
    0   1   2
Current player: X",terminal_state_reached,X,7,7
20260321_000023,case_28,tictactoe,llama-3.1-8b-instant,"Rows/Cols are 0-indexed.
Board:
0: . | . | X
1: . | . | .
2: . | . | .
    0   1   2
Current player: O",terminal_state_reached,O,7,7
20260321_000023,case_29,tictactoe,llama-3.1-8b-instant,"Rows/Cols are 0-indexed.
Board:
0: . | O | .
1: . | . | .
2: X | . | .
    0   1   2
Current player: X",terminal_state_reached,X,5,5
20260321_000023,case_30,tictactoe,llama-3.1-8b-instant,"Rows/Cols are 0-indexed.
Board:
0: O | . | O
1: . | X | .
2: X | X | O
    0   1   2
Current player: X",invalid_move,,1,2
20260321_000023,case_31,tictactoe,llama-3.1-8b-instant,"Rows/Cols are 0-indexed.
Board:
0: . | . | .
1: . | . | .
2: . | . | X
    0   1   2
Current player: O",terminal_state_reached,O,7,7
20260321_000023,case_32,tictactoe,llama-3.1-8b-instant,"Rows/Cols are 0-indexed.
Board:
0: . | O | .
1: X | . | X
2: O | . | .
    0   1   2
Current player: X",terminal_state_reached,X,3,3
20260321_000023,case_33,tictactoe,llama-3.1-8b-instant,"Rows/Cols are 0-indexed.
Board:
0: O | . | .
1: . | . | .
2: . | X | .
    0   1   2
Current player: X",terminal_state_reached,O,4,4
20260321_000023,case_34,tictactoe,llama-3.1-8b-instant,"Rows/Cols are 0-indexed.
Board:
0: O | . | O
1: . | . | X
2: . | . | X
    0   1   2
Current player: X",terminal_state_reached,O,4,4
20260321_000023,case_35,tictactoe,llama-3.1-8b-instant,"Rows/Cols are 0-indexed.
Board:
0: . | X | .
1: O | O | .
2: . | . | X
    0   1   2
Current player: X",terminal_state_reached,O,4,4
20260321_000023,case_36,tictactoe,llama-3.1-8b-instant,"Rows/Cols are 0-indexed.
Board:
0: O | . | .
1: . | . | .
2: . | . | X
    0   1   2
Current player: X",invalid_move,,5,6
20260321_000023,case_37,tictactoe,llama-3.1-8b-instant,"Rows/Cols are 0-indexed.
Board:
0: X | O | X
1: O | X | X
2: O | X | O
    0   1   2
Current player: O",terminal_state_reached,draw,0,0
20260321_000023,case_38,tictactoe,llama-3.1-8b-instant,"Rows/Cols are 0-indexed.
Board:
0: X | X | O
1: X | O | O
2: . | X | O
    0   1   2
Current player: X",terminal_state_reached,O,0,0
20260321_000023,case_39,tictactoe,llama-3.1-8b-instant,"Rows/Cols are 0-indexed.
Board:
0: . | . | X
1: . | X | O
2: X | O | .
    0   1   2
Current player: O",terminal_state_reached,X,0,0
20260321_000023,case_40,tictactoe,llama-3.1-8b-instant,"Rows/Cols are 0-indexed.
Board:
0: . | . | .
1: O | . | .
2: X | . | X
    0   1   2
Current player: O",terminal_state_reached,O,5,5
20260321_000023,case_41,tictactoe,llama-3.1-8b-instant,"Rows/Cols are 0-indexed.
Board:
0: . | . | .
1: X | . | O
2: X | O | .
    0   1   2
Current player: X",terminal_state_reached,draw,5,5
20260321_000023,case_42,tictactoe,llama-3.1-8b-instant,"Rows/Cols are 0-indexed.
Board:
0: O | X | X
1: O | O | .
2: X | . | X
    0   1   2
Current player: O",terminal_state_reached,O,1,1
20260321_000023,case_43,tictactoe,llama-3.1-8b-instant,"Rows/Cols are 0-indexed.
Board:
0: X | O | X
1: X | O | X
2: O | O | .
    0   1   2
Current player: X",terminal_state_reached,O,0,0
20260321_000023,case_44,tictactoe,llama-3.1-8b-instant,"Rows/Cols are 0-indexed.
Board:
0: . | X | .
1: X | O | .
2: X | . | O
    0   1   2
Current player: O",terminal_state_reached,O,1,1
20260321_000023,case_45,tictactoe,llama-3.1-8b-instant,"Rows/Cols are 0-indexed.
Board:
0: . | . | O
1: . | . | .
2: X | . | X
    0   1   2
Current player: O",invalid_move,,1,2
20260321_000023,case_46,tictactoe,llama-3.1-8b-instant,"Rows/Cols are 0-indexed.
Board:
0: X | O | O
1: O | O | X
2: X | X | X
    0   1   2
Current player: O",terminal_state_reached,X,0,0
20260321_000023,case_47,tictactoe,llama-3.1-8b-instant,"Rows/Cols are 0-indexed.
Board:
0: X | . | .
1: X | . | .
2: X | O | O
    0   1   2
Current player: O",terminal_state_reached,X,0,0
20260321_000023,case_48,tictactoe,llama-3.1-8b-instant,"Rows/Cols are 0-indexed.
Board:
0: X | . | .
1: . | . | .
2: . | . | .
    0   1   2
Current player: O",terminal_state_reached,X,8,8
20260321_000023,case_49,tictactoe,llama-3.1-8b-instant,"Rows/Cols are 0-indexed.
Board:
0: . | O | X
1: O | X | X
2: . | . | O
    0   1   2
Current player: X",terminal_state_reached,X,1,1
20260321_001339,case_0,tictactoe,qwen/qwen3-32b,"Rows/Cols are 0-indexed.
Board:
0: X | . | .
1: . | . | .
2: . | . | .
    0   1   2
Current player: O",terminal_state_reached,O,7,7
20260321_001339,case_1,tictactoe,qwen/qwen3-32b,"Rows/Cols are 0-indexed.
Board:
0: . | X | .
1: X | O | .
2: . | . | O
    0   1   2
Current player: X",terminal_state_reached,O,4,4
20260321_001339,case_2,tictactoe,qwen/qwen3-32b,"Rows/Cols are 0-indexed.
Board:
0: . | . | .
1: . | . | .
2: . | . | X
    0   1   2
Current player: O",terminal_state_reached,O,5,5
20260321_001339,case_3,tictactoe,qwen/qwen3-32b,"Rows/Cols are 0-indexed.
Board:
0: . | . | .
1: . | . | .
2: X | . | .
    0   1   2
Current player: O",terminal_state_reached,O,7,7
20260321_001339,case_4,tictactoe,qwen/qwen3-32b,"Rows/Cols are 0-indexed.
Board:
0: . | . | .
1: . | . | .
2: . | . | .
    0   1   2
Current player: X",terminal_state_reached,X,7,7
20260321_001339,case_5,tictactoe,qwen/qwen3-32b,"Rows/Cols are 0-indexed.
Board:
0: . | . | .
1: . | . | .
2: . | . | .
    0   1   2
Current player: X",terminal_state_reached,X,9,9
20260321_001339,case_6,tictactoe,qwen/qwen3-32b,"Rows/Cols are 0-indexed.
Board:
0: . | . | .
1: X | . | .
2: . | . | .
    0   1   2
Current player: O",terminal_state_reached,O,7,7
20260321_001339,case_7,tictactoe,qwen/qwen3-32b,"Rows/Cols are 0-indexed.
Board:
0: O | . | .
1: . | . | X
2: . | . | X
    0   1   2
Current player: O",terminal_state_reached,O,3,3
20260321_001339,case_8,tictactoe,qwen/qwen3-32b,"Rows/Cols are 0-indexed.
Board:
0: . | X | .
1: . | . | .
2: O | . | X
    0   1   2
Current player: O",terminal_state_reached,O,3,3
20260321_001339,case_9,tictactoe,qwen/qwen3-32b,"Rows/Cols are 0-indexed.
Board:
0: O | . | O
1: X | X | O
2: X | . | X
    0   1   2
Current player: O",terminal_state_reached,O,1,1
20260321_001339,case_10,tictactoe,qwen/qwen3-32b,"Rows/Cols are 0-indexed.
Board:
0: . | . | .
1: X | . | .
2: O | . | .
    0   1   2
Current player: X",terminal_state_reached,O,6,6
20260321_001339,case_11,tictactoe,qwen/qwen3-32b,"Rows/Cols are 0-indexed.
Board:
0: . | X | .
1: . | . | .
2: . | . | .
    0   1   2
Current player: O",terminal_state_reached,X,6,6
20260321_001339,case_12,tictactoe,qwen/qwen3-32b,"Rows/Cols are 0-indexed.
Board:
0: . | X | .
1: O | O | .
2: O | X | X
    0   1   2
Current player: X",terminal_state_reached,O,2,2
20260321_001339,case_13,tictactoe,qwen/qwen3-32b,"Rows/Cols are 0-indexed.
Board:
0: . | . | .
1: . | . | .
2: . | . | .
    0   1   2
Current player: X",terminal_state_reached,X,7,7
20260321_001339,case_14,tictactoe,qwen/qwen3-32b,"Rows/Cols are 0-indexed.
Board:
0: O | O | .
1: . | X | O
2: X | X | X
    0   1   2
Current player: O",terminal_state_reached,X,0,0
20260321_001339,case_15,tictactoe,qwen/qwen3-32b,"Rows/Cols are 0-indexed.
Board:
0: O | X | O
1: O | O | X
2: X | X | X
    0   1   2
Current player: O",terminal_state_reached,X,0,0
20260321_001339,case_16,tictactoe,qwen/qwen3-32b,"Rows/Cols are 0-indexed.
Board:
0: . | . | .
1: . | . | .
2: X | . | .
    0   1   2
Current player: O",terminal_state_reached,O,7,7
20260321_001339,case_17,tictactoe,qwen/qwen3-32b,"Rows/Cols are 0-indexed.
Board:
0: . | X | .
1: O | . | O
2: . | X | .
    0   1   2
Current player: X",terminal_state_reached,X,1,1
20260321_001339,case_18,tictactoe,qwen/qwen3-32b,"Rows/Cols are 0-indexed.
Board:
0: X | . | .
1: X | . | O
2: . | X | O
    0   1   2
Current player: O",terminal_state_reached,O,1,1
20260321_001339,case_19,tictactoe,qwen/qwen3-32b,"Rows/Cols are 0-indexed.
Board:
0: O | X | X
1: X | O | O
2: O | X | X
    0   1   2
Current player: O",terminal_state_reached,draw,0,0
20260321_001339,case_20,tictactoe,qwen/qwen3-32b,"Rows/Cols are 0-indexed.
Board:
0: . | . | .
1: . | . | .
2: . | . | .
    0   1   2
Current player: X",terminal_state_reached,X,7,7
20260321_001339,case_21,tictactoe,qwen/qwen3-32b,"Rows/Cols are 0-indexed.
Board:
0: X | . | .
1: . | X | .
2: O | . | .
    0   1   2
Current player: O",terminal_state_reached,draw,6,6
20260321_001339,case_22,tictactoe,qwen/qwen3-32b,"Rows/Cols are 0-indexed.
Board:
0: . | X | .
1: . | O | .
2: X | . | O
    0   1   2
Current player: X",terminal_state_reached,O,2,2
20260321_001339,case_23,tictactoe,qwen/qwen3-32b,"Rows/Cols are 0-indexed.
Board:
0: . | . | .
1: X | X | X
2: . | O | O
    0   1   2
Current player: O",terminal_state_reached,X,0,0
20260321_001339,case_24,tictactoe,qwen/qwen3-32b,"Rows/Cols are 0-indexed.
Board:
0: . | . | O
1: . | X | .
2: . | . | .
    0   1   2
Current player: X",terminal_state_reached,draw,7,7
20260321_001339,case_25,tictactoe,qwen/qwen3-32b,"Rows/Cols are 0-indexed.
Board:
0: . | . | .
1: . | O | .
2: X | . | X
    0   1   2
Current player: O",terminal_state_reached,X,6,6
20260321_001339,case_26,tictactoe,qwen/qwen3-32b,"Rows/Cols are 0-indexed.
Board:
0: X | O | X
1: X | . | .
2: X | O | O
    0   1   2
Current player: O",terminal_state_reached,X,0,0
20260321_001339,case_27,tictactoe,qwen/qwen3-32b,"Rows/Cols are 0-indexed.
Board:
0: . | . | .
1: . | . | .
2: . | . | .
    0   1   2
Current player: X",terminal_state_reached,O,6,6
20260321_001339,case_28,tictactoe,qwen/qwen3-32b,"Rows/Cols are 0-indexed.
Board:
0: . | . | X
1: . | . | .
2: . | . | .
    0   1   2
Current player: O",terminal_state_reached,O,7,7
20260321_001339,case_29,tictactoe,qwen/qwen3-32b,"Rows/Cols are 0-indexed.
Board:
0: . | O | .
1: . | . | .
2: X | . | .
    0   1   2
Current player: X",terminal_state_reached,X,5,5
20260321_001339,case_30,tictactoe,qwen/qwen3-32b,"Rows/Cols are 0-indexed.
Board:
0: O | . | O
1: . | X | .
2: X | X | O
    0   1   2
Current player: X",terminal_state_reached,X,1,1
20260321_001339,case_31,tictactoe,qwen/qwen3-32b,"Rows/Cols are 0-indexed.
Board:
0: . | . | .
1: . | . | .
2: . | . | X
    0   1   2
Current player: O",terminal_state_reached,X,8,8
20260321_001339,case_32,tictactoe,qwen/qwen3-32b,"Rows/Cols are 0-indexed.
Board:
0: . | O | .
1: X | . | X
2: O | . | .
    0   1   2
Current player: X",terminal_state_reached,X,1,1
20260321_001339,case_33,tictactoe,qwen/qwen3-32b,"Rows/Cols are 0-indexed.
Board:
0: O | . | .
1: . | . | .
2: . | X | .
    0   1   2
Current player: X",terminal_state_reached,draw,7,7
20260321_001339,case_34,tictactoe,qwen/qwen3-32b,"Rows/Cols are 0-indexed.
Board:
0: O | . | O
1: . | . | X
2: . | . | X
    0   1   2
Current player: X",invalid_move,,1,2
20260321_001339,case_35,tictactoe,qwen/qwen3-32b,"Rows/Cols are 0-indexed.
Board:
0: . | X | .
1: O | O | .
2: . | . | X
    0   1   2
Current player: X",terminal_state_reached,X,3,3
20260321_001339,case_36,tictactoe,qwen/qwen3-32b,"Rows/Cols are 0-indexed.
Board:
0: O | . | .
1: . | . | .
2: . | . | X
    0   1   2
Current player: X",terminal_state_reached,X,5,5
20260321_001339,case_37,tictactoe,qwen/qwen3-32b,"Rows/Cols are 0-indexed.
Board:
0: X | O | X
1: O | X | X
2: O | X | O
    0   1   2
Current player: O",terminal_state_reached,draw,0,0
20260321_001339,case_38,tictactoe,qwen/qwen3-32b,"Rows/Cols are 0-indexed.
Board:
0: X | X | O
1: X | O | O
2: . | X | O
    0   1   2
Current player: X",terminal_state_reached,O,0,0
20260321_001339,case_39,tictactoe,qwen/qwen3-32b,"Rows/Cols are 0-indexed.
Board:
0: . | . | X
1: . | X | O
2: X | O | .
    0   1   2
Current player: O",terminal_state_reached,X,0,0
20260321_001339,case_40,tictactoe,qwen/qwen3-32b,"Rows/Cols are 0-indexed.
Board:
0: . | . | .
1: O | . | .
2: X | . | X
    0   1   2
Current player: O",terminal_state_reached,draw,6,6
20260321_001339,case_41,tictactoe,qwen/qwen3-32b,"Rows/Cols are 0-indexed.
Board:
0: . | . | .
1: X | . | O
2: X | O | .
    0   1   2
Current player: X",terminal_state_reached,X,1,1
20260321_001339,case_42,tictactoe,qwen/qwen3-32b,"Rows/Cols are 0-indexed.
Board:
0: O | X | X
1: O | O | .
2: X | . | X
    0   1   2
Current player: O",terminal_state_reached,O,1,1
20260321_001339,case_43,tictactoe,qwen/qwen3-32b,"Rows/Cols are 0-indexed.
Board:
0: X | O | X
1: X | O | X
2: O | O | .
    0   1   2
Current player: X",terminal_state_reached,O,0,0
20260321_001339,case_44,tictactoe,qwen/qwen3-32b,"Rows/Cols are 0-indexed.
Board:
0: . | X | .
1: X | O | .
2: X | . | O
    0   1   2
Current player: O",terminal_state_reached,O,1,1
20260321_001339,case_45,tictactoe,qwen/qwen3-32b,"Rows/Cols are 0-indexed.
Board:
0: . | . | O
1: . | . | .
2: X | . | X
    0   1   2
Current player: O",terminal_state_reached,O,5,5
20260321_001339,case_46,tictactoe,qwen/qwen3-32b,"Rows/Cols are 0-indexed.
Board:
0: X | O | O
1: O | O | X
2: X | X | X
    0   1   2
Current player: O",terminal_state_reached,X,0,0
20260321_001339,case_47,tictactoe,qwen/qwen3-32b,"Rows/Cols are 0-indexed.
Board:
0: X | . | .
1: X | . | .
2: X | O | O
    0   1   2
Current player: O",terminal_state_reached,X,0,0
20260321_001339,case_48,tictactoe,qwen/qwen3-32b,"Rows/Cols are 0-indexed.
Board:
0: X | . | .
1: . | . | .
2: . | . | .
    0   1   2
Current player: O",terminal_state_reached,O,5,5
20260321_001339,case_49,tictactoe,qwen/qwen3-32b,"Rows/Cols are 0-indexed.
Board:
0: . | O | X
1: O | X | X
2: . | . | O
    0   1   2
Current player: X",terminal_state_reached,X,3,3
20260321_002804,case_0,connect_four,llama-3.1-8b-instant,"Columns are 0-indexed.
Board:
X | . | . | . | . | . | .
O | . | . | . | . | . | .
X | O | . | . | . | X | .
X | X | . | . | . | O | .
O | O | X | . | O | O | .
X | X | O | X | O | X | .
0   1   2   3   4   5   6
Current player: O",terminal_state_reached,X,0,0
20260321_002804,case_1,connect_four,llama-3.1-8b-instant,"Columns are 0-indexed.
Board:
. | . | . | . | . | . | .
. | . | . | . | X | . | .
. | . | . | . | X | . | .
. | . | . | . | O | O | .
. | X | . | O | O | X | .
X | X | O | O | X | O | .
0   1   2   3   4   5   6
Current player: X",invalid_move,,6,7
20260321_002804,case_2,connect_four,llama-3.1-8b-instant,"Columns are 0-indexed.
Board:
. | . | . | . | . | . | .
. | . | . | . | . | . | .
. | . | . | . | . | . | .
. | . | . | . | . | . | .
. | . | . | . | . | . | .
. | . | . | . | . | . | .
0   1   2   3   4   5   6
Current player: X",invalid_move,,26,27
20260321_002804,case_3,connect_four,llama-3.1-8b-instant,"Columns are 0-indexed.
Board:
. | . | . | . | . | . | .
. | . | . | . | . | . | .
. | . | . | . | . | . | .
. | . | O | . | . | . | .
O | O | O | . | . | . | .
X | X | X | O | . | X | X
0   1   2   3   4   5   6
Current player: X",terminal_state_reached,O,4,4
20260321_002804,case_4,connect_four,llama-3.1-8b-instant,"Columns are 0-indexed.
Board:
. | . | . | . | . | . | .
. | . | . | . | . | . | .
O | . | O | . | . | . | .
O | . | O | . | X | . | .
O | . | O | X | X | . | X
X | . | O | O | X | X | X
0   1   2   3   4   5   6
Current player: X",terminal_state_reached,O,0,0
20260321_002804,case_5,connect_four,llama-3.1-8b-instant,"Columns are 0-indexed.
Board:
. | . | . | . | . | . | .
. | . | . | . | . | . | .
X | . | . | . | . | . | O
X | X | X | . | . | . | O
O | O | O | O | O | X | X
X | X | X | O | X | O | O
0   1   2   3   4   5   6
Current player: X",terminal_state_reached,O,0,0
20260321_002804,case_6,connect_four,llama-3.1-8b-instant,"Columns are 0-indexed.
Board:
. | O | . | . | . | X | .
. | X | O | . | . | O | .
. | O | O | . | . | X | .
. | X | X | X | X | O | O
. | O | O | X | O | X | X
O | X | O | O | X | X | X
0   1   2   3   4   5   6
Current player: O",terminal_state_reached,X,0,0
20260321_002804,case_7,connect_four,llama-3.1-8b-instant,"Columns are 0-indexed.
Board:
. | . | . | . | . | . | .
. | . | . | . | . | . | .
. | . | . | . | . | . | .
. | . | . | . | . | . | .
. | . | . | . | . | . | .
X | X | . | . | . | . | O
0   1   2   3   4   5   6
Current player: O",terminal_state_reached,O,19,19
20260321_002804,case_8,connect_four,llama-3.1-8b-instant,"Columns are 0-indexed.
Board:
. | . | . | . | . | . | .
. | . | . | . | . | . | .
. | O | . | X | . | . | .
. | O | X | X | . | O | .
. | O | X | O | . | X | .
X | O | O | X | X | O | .
0   1   2   3   4   5   6
Current player: X",terminal_state_reached,O,0,0
20260321_002804,case_9,connect_four,llama-3.1-8b-instant,"Columns are 0-indexed.
Board:
. | . | . | . | . | . | .
. | . | . | . | X | . | .
. | . | . | . | O | . | .
. | . | . | O | O | . | .
. | O | O | X | X | X | .
X | X | O | X | O | X | .
0   1   2   3   4   5   6
Current player: O",terminal_state_reached,O,13,13
20260321_002804,case_10,connect_four,llama-3.1-8b-instant,"Columns are 0-indexed.
Board:
. | . | . | . | . | . | .
. | . | . | . | . | . | .
. | . | . | . | . | . | .
. | . | . | . | . | . | .
. | . | . | . | . | . | .
O | X | . | . | . | . | X
0   1   2   3   4   5   6
Current player: O",terminal_state_reached,O,15,15
20260321_002804,case_11,connect_four,llama-3.1-8b-instant,"Columns are 0-indexed.
Board:
. | . | . | . | . | . | .
. | . | . | . | . | . | .
. | . | . | O | X | . | .
. | . | . | O | X | . | .
. | . | . | X | X | . | .
O | X | O | O | X | X | O
0   1   2   3   4   5   6
Current player: O",terminal_state_reached,X,0,0
20260321_002804,case_12,connect_four,llama-3.1-8b-instant,"Columns are 0-indexed.
Board:
. | . | . | . | . | . | .
. | . | . | . | . | . | .
. | . | . | . | . | . | .
. | . | . | . | . | . | .
. | . | . | . | . | . | .
. | . | . | . | . | . | .
0   1   2   3   4   5   6
Current player: X",terminal_state_reached,X,15,15
20260321_002804,case_13,connect_four,llama-3.1-8b-instant,"Columns are 0-indexed.
Board:
. | . | . | . | . | . | .
. | . | . | . | . | . | .
. | . | . | . | . | . | .
. | . | . | . | . | . | .
. | . | X | . | . | O | X
. | . | O | . | O | X | X
0   1   2   3   4   5   6
Current player: O",invalid_move,,18,19
20260321_002804,case_14,connect_four,llama-3.1-8b-instant,"Columns are 0-indexed.
Board:
. | . | . | . | . | . | .
. | . | . | . | . | . | .
. | . | . | . | . | . | .
. | . | . | . | . | . | .
. | . | . | O | . | X | .
X | X | X | O | . | O | .
0   1   2   3   4   5   6
Current player: O",terminal_state_reached,X,22,22
20260321_002804,case_15,connect_four,llama-3.1-8b-instant,"Columns are 0-indexed.
Board:
. | . | . | . | . | . | .
. | . | . | . | . | . | .
. | . | . | . | O | . | O
. | O | . | . | X | . | X
. | X | X | . | O | O | O
X | X | O | . | X | X | O
0   1   2   3   4   5   6
Current player: X",terminal_state_reached,O,2,2
20260321_002804,case_16,connect_four,llama-3.1-8b-instant,"Columns are 0-indexed.
Board:
. | . | . | . | . | . | .
. | . | . | . | . | . | .
. | . | . | . | . | . | .
X | . | . | . | X | . | .
O | . | O | . | X | . | .
O | . | O | X | X | . | O
0   1   2   3   4   5   6
Current player: X",terminal_state_reached,X,15,15
20260321_002804,case_17,connect_four,llama-3.1-8b-instant,"Columns are 0-indexed.
Board:
. | . | . | . | . | . | .
. | X | . | . | . | . | .
O | X | . | . | . | . | .
O | O | . | . | O | . | X
X | X | . | X | O | O | X
O | X | . | O | O | X | X
0   1   2   3   4   5   6
Current player: O",terminal_state_reached,O,1,1
20260321_002804,case_18,connect_four,llama-3.1-8b-instant,"Columns are 0-indexed.
Board:
. | . | . | . | . | . | .
. | . | . | . | . | . | .
. | . | . | . | . | . | .
. | . | . | . | O | X | .
. | O | . | X | X | X | X
. | X | O | O | X | O | O
0   1   2   3   4   5   6
Current player: O",terminal_state_reached,X,0,0
20260321_002804,case_19,connect_four,llama-3.1-8b-instant,"Columns are 0-indexed.
Board:
X | O | . | . | . | . | .
O | X | . | . | X | . | .
X | O | O | . | X | . | .
X | O | O | . | X | O | .
X | O | O | X | O | X | .
O | X | O | X | O | X | .
0   1   2   3   4   5   6
Current player: X",terminal_state_reached,O,0,0
20260321_002804,case_20,connect_four,llama-3.1-8b-instant,"Columns are 0-indexed.
Board:
. | . | . | X | . | . | .
. | X | . | X | X | . | .
. | O | . | O | O | . | .
. | X | . | O | O | O | O
X | X | O | X | X | O | X
O | X | O | O | O | X | X
0   1   2   3   4   5   6
Current player: X",terminal_state_reached,O,0,0
20260321_002804,case_21,connect_four,llama-3.1-8b-instant,"Columns are 0-indexed.
Board:
. | . | . | . | . | . | .
. | . | . | . | . | . | .
. | . | . | . | . | . | .
. | . | . | . | . | X | .
. | . | . | . | . | O | .
. | . | . | . | . | X | .
0   1   2   3   4   5   6
Current player: O",invalid_move,,17,18
20260321_002804,case_22,connect_four,llama-3.1-8b-instant,"Columns are 0-indexed.
Board:
. | . | . | . | . | . | .
. | . | . | . | . | . | .
. | . | . | . | . | . | .
. | . | . | . | . | . | .
. | . | . | . | . | . | O
X | . | O | O | . | X | X
0   1   2   3   4   5   6
Current player: X",terminal_state_reached,X,17,17
20260321_002804,case_23,connect_four,llama-3.1-8b-instant,"Columns are 0-indexed.
Board:
. | . | . | . | . | . | .
. | . | . | . | . | . | .
. | O | . | . | . | . | .
. | X | . | . | . | . | .
. | O | . | . | . | . | .
. | X | . | X | O | . | .
0   1   2   3   4   5   6
Current player: X",terminal_state_reached,X,11,11
20260321_002804,case_24,connect_four,llama-3.1-8b-instant,"Columns are 0-indexed.
Board:
X | . | . | O | . | . | X
O | X | . | O | . | . | O
X | X | . | X | . | . | O
X | O | . | O | . | . | X
O | O | . | X | X | . | O
O | X | O | X | X | O | X
0   1   2   3   4   5   6
Current player: O",invalid_move,,1,2
20260321_002804,case_25,connect_four,llama-3.1-8b-instant,"Columns are 0-indexed.
Board:
. | . | . | . | . | . | .
. | . | . | . | . | . | .
. | . | . | X | . | . | .
. | . | . | X | . | . | .
. | . | O | X | . | . | O
O | . | O | X | . | . | X
0   1   2   3   4   5   6
Current player: O",terminal_state_reached,X,0,0
20260321_002804,case_26,connect_four,llama-3.1-8b-instant,"Columns are 0-indexed.
Board:
. | . | . | . | . | . | .
. | . | . | . | . | . | .
O | . | . | . | X | X | .
X | X | . | . | X | O | .
O | X | O | O | X | O | .
O | O | O | X | X | X | .
0   1   2   3   4   5   6
Current player: O",terminal_state_reached,X,0,0
20260321_002804,case_27,connect_four,llama-3.1-8b-instant,"Columns are 0-indexed.
Board:
X | . | . | . | O | . | .
O | X | . | . | O | . | X
X | O | . | X | X | . | O
X | O | . | X | X | . | X
O | O | O | O | O | O | X
O | X | O | X | X | O | X
0   1   2   3   4   5   6
Current player: X",terminal_state_reached,O,0,0
20260321_002804,case_28,connect_four,llama-3.1-8b-instant,"Columns are 0-indexed.
Board:
. | . | . | . | . | . | .
. | . | . | . | . | . | .
X | . | . | . | . | . | .
O | . | . | X | O | . | .
O | . | X | O | X | O | .
X | O | X | X | O | X | O
0   1   2   3   4   5   6
Current player: X",invalid_move,,8,9
20260321_002804,case_29,connect_four,llama-3.1-8b-instant,"Columns are 0-indexed.
Board:
. | . | . | . | . | . | .
. | . | . | . | . | . | .
. | . | O | . | . | . | .
. | X | X | . | . | . | .
. | O | O | . | O | . | .
X | X | O | O | X | X | X
0   1   2   3   4   5   6
Current player: O",invalid_move,,5,6
20260321_002804,case_30,connect_four,llama-3.1-8b-instant,"Columns are 0-indexed.
Board:
. | . | . | . | . | . | .
. | . | . | . | . | . | .
X | . | . | . | X | O | .
O | . | X | . | O | O | .
X | O | X | . | O | O | X
X | O | X | . | X | X | O
0   1   2   3   4   5   6
Current player: O",invalid_move,,4,5
20260321_002804,case_31,connect_four,llama-3.1-8b-instant,"Columns are 0-indexed.
Board:
. | . | . | . | . | . | .
. | . | . | . | . | . | .
. | . | . | . | . | O | .
. | . | O | . | . | X | .
X | X | X | X | O | O | X
O | O | O | X | X | X | O
0   1   2   3   4   5   6
Current player: O",terminal_state_reached,X,0,0
20260321_002804,case_32,connect_four,llama-3.1-8b-instant,"Columns are 0-indexed.
Board:
. | . | . | . | . | . | .
X | . | . | . | . | . | .
O | . | . | . | . | . | .
X | . | . | . | . | O | .
O | O | X | X | O | X | .
X | X | X | O | X | O | O
0   1   2   3   4   5   6
Current player: O",invalid_move,,4,5
20260321_002804,case_33,connect_four,llama-3.1-8b-instant,"Columns are 0-indexed.
Board:
. | . | . | . | . | . | .
. | . | . | . | . | . | .
. | . | . | . | . | . | .
. | . | . | . | O | . | .
. | X | . | . | X | . | .
O | X | O | O | X | . | X
0   1   2   3   4   5   6
Current player: O",invalid_move,,4,5
20260321_002804,case_34,connect_four,llama-3.1-8b-instant,"Columns are 0-indexed.
Board:
. | . | . | . | . | . | .
. | . | . | . | . | . | .
. | . | . | . | . | . | .
. | . | . | . | . | . | .
. | . | O | . | . | . | .
. | . | X | . | . | . | .
0   1   2   3   4   5   6
Current player: X",invalid_move,,6,7
20260321_002804,case_35,connect_four,llama-3.1-8b-instant,"Columns are 0-indexed.
Board:
. | . | . | . | . | . | .
. | . | . | . | . | . | .
. | . | . | . | . | . | .
. | . | . | . | . | . | .
. | . | . | . | . | . | .
. | O | X | . | . | . | .
0   1   2   3   4   5   6
Current player: X",invalid_move,,5,6
20260321_002804,case_36,connect_four,llama-3.1-8b-instant,"Columns are 0-indexed.
Board:
. | . | . | . | . | . | .
. | . | . | . | . | . | .
. | . | . | . | . | . | .
. | . | . | . | . | . | .
. | . | . | . | . | . | O
O | . | X | X | X | X | O
0   1   2   3   4   5   6
Current player: O",terminal_state_reached,X,0,0
20260321_002804,case_37,connect_four,llama-3.1-8b-instant,"Columns are 0-indexed.
Board:
. | O | . | . | . | . | O
. | X | . | . | . | . | O
. | O | . | . | . | X | O
X | X | X | X | . | X | X
X | X | O | X | O | O | O
O | O | X | X | O | X | O
0   1   2   3   4   5   6
Current player: O",terminal_state_reached,X,0,0
20260321_002804,case_38,connect_four,llama-3.1-8b-instant,"Columns are 0-indexed.
Board:
. | . | . | . | . | . | .
. | . | . | . | . | . | .
. | . | . | . | . | . | X
. | O | . | . | . | . | O
. | X | O | . | . | . | X
O | O | X | O | . | X | X
0   1   2   3   4   5   6
Current player: X",invalid_move,,3,4
20260321_002804,case_39,connect_four,llama-3.1-8b-instant,"Columns are 0-indexed.
Board:
. | . | X | . | . | . | .
O | . | O | . | . | . | .
X | . | X | . | . | X | .
O | . | O | X | O | X | O
X | . | O | O | X | X | X
O | O | X | O | X | O | X
0   1   2   3   4   5   6
Current player: O",terminal_state_reached,O,3,3
20260321_002804,case_40,connect_four,llama-3.1-8b-instant,"Columns are 0-indexed.
Board:
. | . | . | . | . | O | .
. | . | . | . | X | X | .
. | . | . | . | X | O | .
O | . | . | X | O | X | .
X | . | . | X | X | O | .
O | X | O | X | O | O | O
0   1   2   3   4   5   6
Current player: X",invalid_move,,5,6
20260321_002804,case_41,connect_four,llama-3.1-8b-instant,"Columns are 0-indexed.
Board:
. | . | . | . | . | . | .
. | . | . | . | . | . | .
. | . | O | . | . | . | .
. | . | X | . | . | X | .
O | . | X | . | . | O | .
X | . | X | O | O | O | X
0   1   2   3   4   5   6
Current player: X",invalid_move,,6,7
20260321_002804,case_42,connect_four,llama-3.1-8b-instant,"Columns are 0-indexed.
Board:
. | . | . | . | . | . | .
. | . | . | . | . | . | .
. | . | . | X | . | . | .
. | . | X | X | . | O | .
. | O | O | X | . | O | .
. | X | X | X | O | O | .
0   1   2   3   4   5   6
Current player: O",terminal_state_reached,X,0,0
20260321_002804,case_43,connect_four,llama-3.1-8b-instant,"Columns are 0-indexed.
Board:
. | . | . | . | . | . | .
. | . | . | . | . | . | .
. | . | . | . | . | . | .
. | . | X | . | X | . | .
. | . | O | X | O | . | .
X | O | X | O | X | . | O
0   1   2   3   4   5   6
Current player: O",invalid_move,,5,6
20260321_002804,case_44,connect_four,llama-3.1-8b-instant,"Columns are 0-indexed.
Board:
. | . | . | . | . | . | .
. | . | . | . | . | . | .
. | . | . | O | . | X | .
. | . | . | O | . | X | .
. | O | X | X | X | X | O
O | O | X | O | X | O | X
0   1   2   3   4   5   6
Current player: O",terminal_state_reached,X,0,0
20260321_002804,case_45,connect_four,llama-3.1-8b-instant,"Columns are 0-indexed.
Board:
. | X | . | . | X | . | O
. | X | . | . | O | . | X
O | O | . | . | X | X | O
O | X | O | O | O | X | O
X | X | O | X | X | O | X
X | O | O | O | X | X | O
0   1   2   3   4   5   6
Current player: X",invalid_move,,0,1
20260321_002804,case_46,connect_four,llama-3.1-8b-instant,"Columns are 0-indexed.
Board:
. | . | . | . | . | . | .
. | . | . | . | . | . | .
. | . | . | . | . | . | O
. | . | . | . | . | . | O
X | . | . | . | . | O | X
X | . | . | X | . | X | O
0   1   2   3   4   5   6
Current player: O",invalid_move,,6,7
20260321_002804,case_47,connect_four,llama-3.1-8b-instant,"Columns are 0-indexed.
Board:
. | . | . | . | . | . | .
. | . | . | . | . | . | .
. | . | . | . | . | . | .
. | O | . | O | . | . | X
O | O | . | X | X | . | X
O | X | . | X | O | X | O
0   1   2   3   4   5   6
Current player: X",invalid_move,,3,4
20260321_002804,case_48,connect_four,llama-3.1-8b-instant,"Columns are 0-indexed.
Board:
. | . | . | . | X | . | .
. | . | . | O | O | . | X
. | . | . | X | X | . | O
. | . | O | O | X | . | O
. | O | X | X | O | X | O
. | X | O | O | X | X | X
0   1   2   3   4   5   6
Current player: O",terminal_state_reached,X,0,0
20260321_002804,case_49,connect_four,llama-3.1-8b-instant,"Columns are 0-indexed.
Board:
. | X | X | . | . | X | .
. | O | X | . | . | O | .
X | X | O | . | . | X | X
O | O | X | O | . | O | O
X | O | X | X | X | O | O
X | O | X | O | O | X | O
0   1   2   3   4   5   6
Current player: O",invalid_move,,0,1
20260321_004747,case_0,connect_four,qwen/qwen3-32b,"Columns are 0-indexed.
Board:
X | . | . | . | . | . | .
O | . | . | . | . | . | .
X | O | . | . | . | X | .
X | X | . | . | . | O | .
O | O | X | . | O | O | .
X | X | O | X | O | X | .
0   1   2   3   4   5   6
Current player: O",terminal_state_reached,X,0,0
20260321_004747,case_1,connect_four,qwen/qwen3-32b,"Columns are 0-indexed.
Board:
. | . | . | . | . | . | .
. | . | . | . | X | . | .
. | . | . | . | X | . | .
. | . | . | . | O | O | .
. | X | . | O | O | X | .
X | X | O | O | X | O | .
0   1   2   3   4   5   6
Current player: X",invalid_move,,1,2
20260321_004747,case_2,connect_four,qwen/qwen3-32b,"Columns are 0-indexed.
Board:
. | . | . | . | . | . | .
. | . | . | . | . | . | .
. | . | . | . | . | . | .
. | . | . | . | . | . | .
. | . | . | . | . | . | .
. | . | . | . | . | . | .
0   1   2   3   4   5   6
Current player: X",invalid_move,,16,17
20260321_004747,case_3,connect_four,qwen/qwen3-32b,"Columns are 0-indexed.
Board:
. | . | . | . | . | . | .
. | . | . | . | . | . | .
. | . | . | . | . | . | .
. | . | O | . | . | . | .
O | O | O | . | . | . | .
X | X | X | O | . | X | X
0   1   2   3   4   5   6
Current player: X",invalid_move,,7,8
20260321_004747,case_4,connect_four,qwen/qwen3-32b,"Columns are 0-indexed.
Board:
. | . | . | . | . | . | .
. | . | . | . | . | . | .
O | . | O | . | . | . | .
O | . | O | . | X | . | .
O | . | O | X | X | . | X
X | . | O | O | X | X | X
0   1   2   3   4   5   6
Current player: X",terminal_state_reached,O,0,0
20260321_004747,case_5,connect_four,qwen/qwen3-32b,"Columns are 0-indexed.
Board:
. | . | . | . | . | . | .
. | . | . | . | . | . | .
X | . | . | . | . | . | O
X | X | X | . | . | . | O
O | O | O | O | O | X | X
X | X | X | O | X | O | O
0   1   2   3   4   5   6
Current player: X",terminal_state_reached,O,0,0
20260321_004747,case_6,connect_four,qwen/qwen3-32b,"Columns are 0-indexed.
Board:
. | O | . | . | . | X | .
. | X | O | . | . | O | .
. | O | O | . | . | X | .
. | X | X | X | X | O | O
. | O | O | X | O | X | X
O | X | O | O | X | X | X
0   1   2   3   4   5   6
Current player: O",terminal_state_reached,X,0,0
20260321_004747,case_7,connect_four,qwen/qwen3-32b,"Columns are 0-indexed.
Board:
. | . | . | . | . | . | .
. | . | . | . | . | . | .
. | . | . | . | . | . | .
. | . | . | . | . | . | .
. | . | . | . | . | . | .
X | X | . | . | . | . | O
0   1   2   3   4   5   6
Current player: O",invalid_move,,7,8
20260321_004747,case_8,connect_four,qwen/qwen3-32b,"Columns are 0-indexed.
Board:
. | . | . | . | . | . | .
. | . | . | . | . | . | .
. | O | . | X | . | . | .
. | O | X | X | . | O | .
. | O | X | O | . | X | .
X | O | O | X | X | O | .
0   1   2   3   4   5   6
Current player: X",terminal_state_reached,O,0,0
20260321_004747,case_9,connect_four,qwen/qwen3-32b,"Columns are 0-indexed.
Board:
. | . | . | . | . | . | .
. | . | . | . | X | . | .
. | . | . | . | O | . | .
. | . | . | O | O | . | .
. | O | O | X | X | X | .
X | X | O | X | O | X | .
0   1   2   3   4   5   6
Current player: O",invalid_move,,9,10
20260321_004747,case_10,connect_four,qwen/qwen3-32b,"Columns are 0-indexed.
Board:
. | . | . | . | . | . | .
. | . | . | . | . | . | .
. | . | . | . | . | . | .
. | . | . | . | . | . | .
. | . | . | . | . | . | .
O | X | . | . | . | . | X
0   1   2   3   4   5   6
Current player: O",invalid_move,,11,12
20260321_004747,case_11,connect_four,qwen/qwen3-32b,"Columns are 0-indexed.
Board:
. | . | . | . | . | . | .
. | . | . | . | . | . | .
. | . | . | O | X | . | .
. | . | . | O | X | . | .
. | . | . | X | X | . | .
O | X | O | O | X | X | O
0   1   2   3   4   5   6
Current player: O",terminal_state_reached,X,0,0
20260321_004747,case_12,connect_four,qwen/qwen3-32b,"Columns are 0-indexed.
Board:
. | . | . | . | . | . | .
. | . | . | . | . | . | .
. | . | . | . | . | . | .
. | . | . | . | . | . | .
. | . | . | . | . | . | .
. | . | . | . | . | . | .
0   1   2   3   4   5   6
Current player: X",terminal_state_reached,X,9,9
20260321_004747,case_13,connect_four,qwen/qwen3-32b,"Columns are 0-indexed.
Board:
. | . | . | . | . | . | .
. | . | . | . | . | . | .
. | . | . | . | . | . | .
. | . | . | . | . | . | .
. | . | X | . | . | O | X
. | . | O | . | O | X | X
0   1   2   3   4   5   6
Current player: O",terminal_state_reached,O,5,5
20260321_004747,case_14,connect_four,qwen/qwen3-32b,"Columns are 0-indexed.
Board:
. | . | . | . | . | . | .
. | . | . | . | . | . | .
. | . | . | . | . | . | .
. | . | . | . | . | . | .
. | . | . | O | . | X | .
X | X | X | O | . | O | .
0   1   2   3   4   5   6
Current player: O",invalid_move,,10,11
20260321_004747,case_15,connect_four,qwen/qwen3-32b,"Columns are 0-indexed.
Board:
. | . | . | . | . | . | .
. | . | . | . | . | . | .
. | . | . | . | O | . | O
. | O | . | . | X | . | X
. | X | X | . | O | O | O
X | X | O | . | X | X | O
0   1   2   3   4   5   6
Current player: X",terminal_state_reached,X,7,7
20260321_004747,case_16,connect_four,qwen/qwen3-32b,"Columns are 0-indexed.
Board:
. | . | . | . | . | . | .
. | . | . | . | . | . | .
. | . | . | . | . | . | .
X | . | . | . | X | . | .
O | . | O | . | X | . | .
O | . | O | X | X | . | O
0   1   2   3   4   5   6
Current player: X",invalid_move,,5,6
20260321_004747,case_17,connect_four,qwen/qwen3-32b,"Columns are 0-indexed.
Board:
. | . | . | . | . | . | .
. | X | . | . | . | . | .
O | X | . | . | . | . | .
O | O | . | . | O | . | X
X | X | . | X | O | O | X
O | X | . | O | O | X | X
0   1   2   3   4   5   6
Current player: O",terminal_state_reached,O,5,5
20260321_004747,case_18,connect_four,qwen/qwen3-32b,"Columns are 0-indexed.
Board:
. | . | . | . | . | . | .
. | . | . | . | . | . | .
. | . | . | . | . | . | .
. | . | . | . | O | X | .
. | O | . | X | X | X | X
. | X | O | O | X | O | O
0   1   2   3   4   5   6
Current player: O",terminal_state_reached,X,0,0
20260321_004747,case_19,connect_four,qwen/qwen3-32b,"Columns are 0-indexed.
Board:
X | O | . | . | . | . | .
O | X | . | . | X | . | .
X | O | O | . | X | . | .
X | O | O | . | X | O | .
X | O | O | X | O | X | .
O | X | O | X | O | X | .
0   1   2   3   4   5   6
Current player: X",terminal_state_reached,O,0,0
20260321_004747,case_20,connect_four,qwen/qwen3-32b,"Columns are 0-indexed.
Board:
. | . | . | X | . | . | .
. | X | . | X | X | . | .
. | O | . | O | O | . | .
. | X | . | O | O | O | O
X | X | O | X | X | O | X
O | X | O | O | O | X | X
0   1   2   3   4   5   6
Current player: X",terminal_state_reached,O,0,0
20260321_004747,case_21,connect_four,qwen/qwen3-32b,"Columns are 0-indexed.
Board:
. | . | . | . | . | . | .
. | . | . | . | . | . | .
. | . | . | . | . | . | .
. | . | . | . | . | X | .
. | . | . | . | . | O | .
. | . | . | . | . | X | .
0   1   2   3   4   5   6
Current player: O",invalid_move,,8,9
20260321_004747,case_22,connect_four,qwen/qwen3-32b,"Columns are 0-indexed.
Board:
. | . | . | . | . | . | .
. | . | . | . | . | . | .
. | . | . | . | . | . | .
. | . | . | . | . | . | .
. | . | . | . | . | . | O
X | . | O | O | . | X | X
0   1   2   3   4   5   6
Current player: X",invalid_move,,6,7
20260321_004747,case_23,connect_four,qwen/qwen3-32b,"Columns are 0-indexed.
Board:
. | . | . | . | . | . | .
. | . | . | . | . | . | .
. | O | . | . | . | . | .
. | X | . | . | . | . | .
. | O | . | . | . | . | .
. | X | . | X | O | . | .
0   1   2   3   4   5   6
Current player: X",invalid_move,,6,7
20260321_004747,case_24,connect_four,qwen/qwen3-32b,"Columns are 0-indexed.
Board:
X | . | . | O | . | . | X
O | X | . | O | . | . | O
X | X | . | X | . | . | O
X | O | . | O | . | . | X
O | O | . | X | X | . | O
O | X | O | X | X | O | X
0   1   2   3   4   5   6
Current player: O",terminal_state_reached,X,6,6
20260321_004747,case_25,connect_four,qwen/qwen3-32b,"Columns are 0-indexed.
Board:
. | . | . | . | . | . | .
. | . | . | . | . | . | .
. | . | . | X | . | . | .
. | . | . | X | . | . | .
. | . | O | X | . | . | O
O | . | O | X | . | . | X
0   1   2   3   4   5   6
Current player: O",terminal_state_reached,X,0,0
20260321_004747,case_26,connect_four,qwen/qwen3-32b,"Columns are 0-indexed.
Board:
. | . | . | . | . | . | .
. | . | . | . | . | . | .
O | . | . | . | X | X | .
X | X | . | . | X | O | .
O | X | O | O | X | O | .
O | O | O | X | X | X | .
0   1   2   3   4   5   6
Current player: O",terminal_state_reached,X,0,0
20260321_004747,case_27,connect_four,qwen/qwen3-32b,"Columns are 0-indexed.
Board:
X | . | . | . | O | . | .
O | X | . | . | O | . | X
X | O | . | X | X | . | O
X | O | . | X | X | . | X
O | O | O | O | O | O | X
O | X | O | X | X | O | X
0   1   2   3   4   5   6
Current player: X",terminal_state_reached,O,0,0
20260321_004747,case_28,connect_four,qwen/qwen3-32b,"Columns are 0-indexed.
Board:
. | . | . | . | . | . | .
. | . | . | . | . | . | .
X | . | . | . | . | . | .
O | . | . | X | O | . | .
O | . | X | O | X | O | .
X | O | X | X | O | X | O
0   1   2   3   4   5   6
Current player: X",terminal_state_reached,O,8,8
20260321_004747,case_29,connect_four,qwen/qwen3-32b,"Columns are 0-indexed.
Board:
. | . | . | . | . | . | .
. | . | . | . | . | . | .
. | . | O | . | . | . | .
. | X | X | . | . | . | .
. | O | O | . | O | . | .
X | X | O | O | X | X | X
0   1   2   3   4   5   6
Current player: O",invalid_move,,4,5
20260321_004747,case_30,connect_four,qwen/qwen3-32b,"Columns are 0-indexed.
Board:
. | . | . | . | . | . | .
. | . | . | . | . | . | .
X | . | . | . | X | O | .
O | . | X | . | O | O | .
X | O | X | . | O | O | X
X | O | X | . | X | X | O
0   1   2   3   4   5   6
Current player: O",terminal_state_reached,X,2,2
20260321_004747,case_31,connect_four,qwen/qwen3-32b,"Columns are 0-indexed.
Board:
. | . | . | . | . | . | .
. | . | . | . | . | . | .
. | . | . | . | . | O | .
. | . | O | . | . | X | .
X | X | X | X | O | O | X
O | O | O | X | X | X | O
0   1   2   3   4   5   6
Current player: O",terminal_state_reached,X,0,0
20260321_004747,case_32,connect_four,qwen/qwen3-32b,"Columns are 0-indexed.
Board:
. | . | . | . | . | . | .
X | . | . | . | . | . | .
O | . | . | . | . | . | .
X | . | . | . | . | O | .
O | O | X | X | O | X | .
X | X | X | O | X | O | O
0   1   2   3   4   5   6
Current player: O",terminal_state_reached,X,4,4
20260321_004747,case_33,connect_four,qwen/qwen3-32b,"Columns are 0-indexed.
Board:
. | . | . | . | . | . | .
. | . | . | . | . | . | .
. | . | . | . | . | . | .
. | . | . | . | O | . | .
. | X | . | . | X | . | .
O | X | O | O | X | . | X
0   1   2   3   4   5   6
Current player: O",invalid_move,,5,6
20260321_004747,case_34,connect_four,qwen/qwen3-32b,"Columns are 0-indexed.
Board:
. | . | . | . | . | . | .
. | . | . | . | . | . | .
. | . | . | . | . | . | .
. | . | . | . | . | . | .
. | . | O | . | . | . | .
. | . | X | . | . | . | .
0   1   2   3   4   5   6
Current player: X",invalid_move,,6,7
20260321_004747,case_35,connect_four,qwen/qwen3-32b,"Columns are 0-indexed.
Board:
. | . | . | . | . | . | .
. | . | . | . | . | . | .
. | . | . | . | . | . | .
. | . | . | . | . | . | .
. | . | . | . | . | . | .
. | O | X | . | . | . | .
0   1   2   3   4   5   6
Current player: X",terminal_state_reached,X,13,13
20260321_004747,case_36,connect_four,qwen/qwen3-32b,"Columns are 0-indexed.
Board:
. | . | . | . | . | . | .
. | . | . | . | . | . | .
. | . | . | . | . | . | .
. | . | . | . | . | . | .
. | . | . | . | . | . | O
O | . | X | X | X | X | O
0   1   2   3   4   5   6
Current player: O",terminal_state_reached,X,0,0
20260321_004747,case_37,connect_four,qwen/qwen3-32b,"Columns are 0-indexed.
Board:
. | O | . | . | . | . | O
. | X | . | . | . | . | O
. | O | . | . | . | X | O
X | X | X | X | . | X | X
X | X | O | X | O | O | O
O | O | X | X | O | X | O
0   1   2   3   4   5   6
Current player: O",terminal_state_reached,X,0,0
20260321_004747,case_38,connect_four,qwen/qwen3-32b,"Columns are 0-indexed.
Board:
. | . | . | . | . | . | .
. | . | . | . | . | . | .
. | . | . | . | . | . | X
. | O | . | . | . | . | O
. | X | O | . | . | . | X
O | O | X | O | . | X | X
0   1   2   3   4   5   6
Current player: X",terminal_state_reached,X,7,7
20260321_004747,case_39,connect_four,qwen/qwen3-32b,"Columns are 0-indexed.
Board:
. | . | X | . | . | . | .
O | . | O | . | . | . | .
X | . | X | . | . | X | .
O | . | O | X | O | X | O
X | . | O | O | X | X | X
O | O | X | O | X | O | X
0   1   2   3   4   5   6
Current player: O",terminal_state_reached,O,7,7
20260321_004747,case_40,connect_four,qwen/qwen3-32b,"Columns are 0-indexed.
Board:
. | . | . | . | . | O | .
. | . | . | . | X | X | .
. | . | . | . | X | O | .
O | . | . | X | O | X | .
X | . | . | X | X | O | .
O | X | O | X | O | O | O
0   1   2   3   4   5   6
Current player: X",terminal_state_reached,X,1,1
20260321_004747,case_41,connect_four,qwen/qwen3-32b,"Columns are 0-indexed.
Board:
. | . | . | . | . | . | .
. | . | . | . | . | . | .
. | . | O | . | . | . | .
. | . | X | . | . | X | .
O | . | X | . | . | O | .
X | . | X | O | O | O | X
0   1   2   3   4   5   6
Current player: X",invalid_move,,2,3
20260321_004747,case_42,connect_four,qwen/qwen3-32b,"Columns are 0-indexed.
Board:
. | . | . | . | . | . | .
. | . | . | . | . | . | .
. | . | . | X | . | . | .
. | . | X | X | . | O | .
. | O | O | X | . | O | .
. | X | X | X | O | O | .
0   1   2   3   4   5   6
Current player: O",terminal_state_reached,X,0,0
20260321_004747,case_43,connect_four,qwen/qwen3-32b,"Columns are 0-indexed.
Board:
. | . | . | . | . | . | .
. | . | . | . | . | . | .
. | . | . | . | . | . | .
. | . | X | . | X | . | .
. | . | O | X | O | . | .
X | O | X | O | X | . | O
0   1   2   3   4   5   6
Current player: O",terminal_state_reached,O,7,7
20260321_004747,case_44,connect_four,qwen/qwen3-32b,"Columns are 0-indexed.
Board:
. | . | . | . | . | . | .
. | . | . | . | . | . | .
. | . | . | O | . | X | .
. | . | . | O | . | X | .
. | O | X | X | X | X | O
O | O | X | O | X | O | X
0   1   2   3   4   5   6
Current player: O",terminal_state_reached,X,0,0
20260321_004747,case_45,connect_four,qwen/qwen3-32b,"Columns are 0-indexed.
Board:
. | X | . | . | X | . | O
. | X | . | . | O | . | X
O | O | . | . | X | X | O
O | X | O | O | O | X | O
X | X | O | X | X | O | X
X | O | O | O | X | X | O
0   1   2   3   4   5   6
Current player: X",terminal_state_reached,O,4,4
20260321_004747,case_46,connect_four,qwen/qwen3-32b,"Columns are 0-indexed.
Board:
. | . | . | . | . | . | .
. | . | . | . | . | . | .
. | . | . | . | . | . | O
. | . | . | . | . | . | O
X | . | . | . | . | O | X
X | . | . | X | . | X | O
0   1   2   3   4   5   6
Current player: O",invalid_move,,2,3
20260321_004747,case_47,connect_four,qwen/qwen3-32b,"Columns are 0-indexed.
Board:
. | . | . | . | . | . | .
. | . | . | . | . | . | .
. | . | . | . | . | . | .
. | O | . | O | . | . | X
O | O | . | X | X | . | X
O | X | . | X | O | X | O
0   1   2   3   4   5   6
Current player: X",terminal_state_reached,X,9,9
20260321_004747,case_48,connect_four,qwen/qwen3-32b,"Columns are 0-indexed.
Board:
. | . | . | . | X | . | .
. | . | . | O | O | . | X
. | . | . | X | X | . | O
. | . | O | O | X | . | O
. | O | X | X | O | X | O
. | X | O | O | X | X | X
0   1   2   3   4   5   6
Current player: O",terminal_state_reached,X,0,0
20260321_004747,case_49,connect_four,qwen/qwen3-32b,"Columns are 0-indexed.
Board:
. | X | X | . | . | X | .
. | O | X | . | . | O | .
X | X | O | . | . | X | X
O | O | X | O | . | O | O
X | O | X | X | X | O | O
X | O | X | O | O | X | O
0   1   2   3   4   5   6
Current player: O",terminal_state_reached,O,3,3
